견적날짜,현장명,제품명,규격,단가
2025-12-22,아산 더숲,올데이BA벽면1인석,1115*700*1200,215000
2025-12-22,아산 더숲,올데이BA벽면수납장-도어,800*300*1200,133000
2025-12-22,아산 더숲,올데이BB벽면2인석,1115*700*1200,321000
2025-12-22,아산 더숲,올데이BB벽면수납장-도어,800*300*1200,189000
2025-12-04,일산,올데이지그재그형,1200*1350*1200,213000
2025-12-04,일산,올데이 벽면형,1200*1340*1200,315000
2025-10-30,일산,올데이지그재그형,1200*1350*1200,259000
2025-10-30,일산,올데이 벽면형,1200*1340*1200,315000
2025-10-02,올백 독학관,올데이BE,도면사이즈참고,198000
2025-10-02,올백 독학관,올데이B,도면사이즈참고,298000
2025-10-02,올백 독학관,올데이BB,도면사이즈참고,498000
2025-05-20,현1211 디자인,올데이B1인석,1218*700*1200,298000
2025-05-20,현1211 디자인,올데이B_끝자리장,700*270*1200,214000
2025-05-20,현1211 디자인,올데이BC벽면형,1218*1400*1200,481000
2025-04-09,아산 관리형 스터디카페 7133,올데이BA벽면,1068*700*1200,215000
2025-04-09,아산 관리형 스터디카페 7133,올데이BA 벽면수납장,700*270*1200,98000
2025-04-09,아산 관리형 스터디카페 7133,올데이 지그재그+수납장,일체형/1068*900*1200,270000
2025-04-09,아산 관리형 스터디카페 7133,올데이BB 책상+수납,양면형/1068*700*1200,215000
2025-04-09,아산 관리형 스터디카페 7133,올데이BB 끝자리수납장,700*270*1200,98000
2025-04-09,아산 관리형 스터디카페 7133,올데이E 3단,1068*850600*1200,220000
2025-04-09,아산 관리형 스터디카페 7133,올데이BA벽면,1068*700*1200,215000
2025-04-09,아산 관리형 스터디카페 7133,올데이BA 벽면수납장,700*270*1200,98000
2025-04-09,아산 관리형 스터디카페 7133,올데이 지그재그+수납장,일체형/1068*900*1200,270000
2025-04-09,아산 관리형 스터디카페 7133,올데이BB 책상+수납,양면형/1068*700*1200,215000
2025-04-09,아산 관리형 스터디카페 7133,올데이BB 끝자리수납장,700*270*1200,98000
2025-04-09,아산 관리형 스터디카페 7133,올데이ㅌ 3단,1068*850600*1200,220000
2025-04-08,아산 관리형 스터디카페 7133,올데이BA벽면,1068*700*1200,215000
2025-04-08,아산 관리형 스터디카페 7133,올데이BA 벽면수납장,700*270*1200,98000
2025-04-08,아산 관리형 스터디카페 7133,올데이 지그재그+수납장,일체형/1068*900*1200,270000
2025-04-08,아산 관리형 스터디카페 7133,올데이BB 책상+수납,양면형/1068*700*1200,215000
2025-04-08,아산 관리형 스터디카페 7133,올데이BB 끝자리수납장,700*270*1200,98000
2025-04-08,아산 관리형 스터디카페 7133,올데이E 3단,1068*850600*1200,220000
2025-04-08,아산 관리형 스터디카페 7133,올데이BA벽면,1068*700*1200,215000
2025-04-08,아산 관리형 스터디카페 7133,올데이BA 벽면수납장,700*270*1200,98000
2025-04-08,아산 관리형 스터디카페 7133,올데이 지그재그+수납장,일체형/1068*900*1200,270000
2025-04-08,아산 관리형 스터디카페 7133,올데이BB 책상+수납,양면형/1068*700*1200,215000
2025-04-08,아산 관리형 스터디카페 7133,올데이BB 끝자리수납장,700*270*1200,98000
2025-04-08,아산 관리형 스터디카페 7133,올데이E 3단,1068*850600*1200,220000
2025-04-08,아산 관리형 스터디카페 7133,올데이BA벽면,1068*700*1200,215000
2025-04-08,아산 관리형 스터디카페 7133,올데이BA 벽면수납장,700*270*1200,98000
2025-04-08,아산 관리형 스터디카페 7133,올데이 지그재그+수납장,일체형/1068*900*1200,270000
2025-04-08,아산 관리형 스터디카페 7133,올데이BB 책상+수납,양면형/1068*700*1200,215000
2025-04-08,아산 관리형 스터디카페 7133,올데이BB 끝자리수납장,700*270*1200,98000
2025-04-08,아산 관리형 스터디카페 7133,올데이ㅌ 3단,1068*850600*1200,220000
2025-03-25,대치 관리형 4585,올데이BA벽면형 세트,1200*750600*1200740,310000
2025-03-25,대치 관리형 4585,올데이BB중앙형,1200*750600*1200740,205000
2025-03-25,대치 관리형 4585,올데이BB,600*270*1200,98000
2025-03-25,대치 관리형 4585,올데이BB,700*270*1200,105000
2025-03-25,부산 해운대고 좌동 / 관리형학원 9489,올데이C,600*300*1200,133000
2025-03-25,부산 해운대고 좌동 / 관리형학원 9489,올데이C,738720*520500*1200,138000
2025-03-25,부산 해운대고 좌동 / 관리형학원 9489,올데이C,아이클 351F,59000
2025-03-25,부산 해운대구 좌동 / 관리형학원 9489,올데이C,600*300*1200,133000
2025-03-25,부산 해운대구 좌동 / 관리형학원 9489,올데이C,738720*520500*1200,138000
2025-03-25,부산 해운대구 좌동 / 관리형학원 9489,올데이C,아이클 351F,59000
2025-02-24,올데이B 0982/채널톡,올데이B 단면형,1018*270*1200,217000
2025-02-24,올데이B 0982/채널톡,올데이B 양면형,1018*270*1200,209000
2025-02-05,둔촌동 관리형 스터디카페/2차,올데이BC22인세트,2050*1418*1200740,425000
2025-02-05,둔촌동 관리형 스터디카페/2차,올데이BC11인세트,1150*1418*1200740,305000
2025-02-05,둔촌동 관리형 스터디카페/2차,올데이EA책상+수납장,2번실 1218*540*1795,209000
2025-02-05,둔촌동 관리형 스터디카페/2차,올데이EB책상+수납장,"1,3번실 1218*640*1795",235000
2025-01-31,대전 유성구 학원 9665,올데이B,11181100*586550*1200,179000
2025-01-31,대전 유성구 학원 9665,올데이B,오픈장 / 700*270*1200,98000
2025-01-31,대전 유성구 학원 9665,올데이B,11181100*586550*1200,179000
2025-01-31,대전 유성구 학원 9665,올데이B,오픈장 / 700*270*1200,98000
2024-12-27,천안 불당동 관리형독서실 0741,올데이B단면형,1018*270*1200,217000
2024-12-27,천안 불당동 관리형독서실 0741,올데이B양면형,1018*270*1200,209000
2024-12-20,인천 송도 관리형 학원,올데이BC2양면,2인책상/1900*640*1200,295000
2024-12-20,인천 송도 관리형 학원,올데이BA1단면,1인책상/1070*640*1200,185000
2024-12-18,청주 관리형 학원 5853,올데이BA1단면,1168/1218*750*1200,215000
2024-12-18,청주 관리형 학원 5853,"올데이BA1,2 단면수납장",750*270*1200,105000
2024-12-18,청주 관리형 학원 5853,올데이BB1 책상겸수납장,양면형/1218*700*1200,215000
2024-12-18,청주 관리형 학원 5853,올데이BB2 책상겸수납장,양면형/1168*700*1200,215000
2024-12-18,청주 관리형 학원 5853,올데이BB 끝자리수납장,600*270*1200,98000
2024-12-18,청주 관리형 학원 5853,올데이BB 책상겸수납장,양면형/1218*700*1200,215000
2024-12-18,청주 관리형 학원 5853,올데이BB 끝자리수납장,600*270*1200,98000
2024-12-18,청주 관리형 학원 5853,올데이BA1단면,1218*750*1200,215000
2024-12-18,청주 관리형 학원 5853,"올데이BA1,2 단면수납장",750*270*1200,105000
2024-12-18,청주 관리형 학원 5853,올데이BA1단면,1218*750*1200,215000
2024-12-18,청주 관리형 학원 5853,"올데이BA1,2 단면수납장",750*270*1200,105000
2024-12-18,청주 관리형 학원 5853,올데이BB1 책상겸수납장,양면형/1218*700*1200,215000
2024-12-18,청주 관리형 학원 5853,올데이BB 끝자리수납장,600*270*1200,98000
2024-12-18,청주 관리형 학원 5853,올데이BB1 책상겸수납장,양면형/1218*700*1200,215000
2024-12-18,청주 관리형 학원 5853,올데이BB 끝자리수납장,600*270*1200,98000
2024-12-18,청주 관리형 학원 5853,올데이BB1 책상겸수납장,양면형/1218*700*1200,215000
2024-12-18,청주 관리형 학원 5853,올데이BB 끝자리수납장,600*270*1200,98000
2024-12-18,청주 관리형 학원 5853,올데이BB2 책상겸수납장,양면형/1168*700*1200,215000
2024-12-18,청주 관리형 학원 5853,올데이BB 끝자리수납장,600*270*1200,98000
2024-12-12,학교 기숙사 8350,올데이H,책상/1200*580*740,595000
2024-12-12,경기광주 학원 6998,올데이B단면형,1018*270*1200,225000
2024-12-12,경기광주 학원 6998,올데이B양면형,1018*270*1200,217000
2024-12-12,경기광주 학원 6998,올데이B단면형,1018*270*1200,225000
2024-12-12,경기광주 학원 6998,올데이B양면형,1018*270*1200,217000
2024-12-11,동대문 올데이B 1579,올데이B단면형,1018*270*1200,217000
2024-12-11,동대문 올데이B 1579,올데이B양면형,1018*270*1200,209000
2024-12-11,경기광주 학원 6998,올데이B단면형,1018*270*1200,217000
2024-12-11,경기광주 학원 6998,올데이B양면형,1018*270*1200,209000
2024-12-10,천안 관리형 스터디카페 7133,올데이BA1벽면,1218*1400*1200,215000
2024-12-10,천안 관리형 스터디카페 7133,올데이BA2벽면,1168*1400*1200,215000
2024-12-10,천안 관리형 스터디카페 7133,"올데이BA1,2 벽면수납장",공통 / 700*270*1200,98000
2024-12-10,천안 관리형 스터디카페 7133,올데이BB 책상+수납,양면일체형/1168*700*1200,215000
2024-12-10,천안 관리형 스터디카페 7133,올데이BB 끝자리수납장,600*270*1200,98000
2024-12-10,천안 관리형 스터디카페 7133,올데이BA1벽면,1218*1400*1200,215000
2024-12-10,천안 관리형 스터디카페 7133,올데이BA2벽면,1168*1400*1200,215000
2024-12-10,천안 관리형 스터디카페 7133,"올데이BA1,2 벽면수납장",공통 / 700*270*1200,98000
2024-12-10,천안 관리형 스터디카페 7133,올데이BB 책상+수납,양면일체형/1168*700*1200,215000
2024-12-10,천안 관리형 스터디카페 7133,올데이BB 끝자리수납장,600*270*1200,98000
2024-12-10,천안 관리형 스터디카페 7133,올데이BA1벽면,1218*1400*1200,215000
2024-12-10,천안 관리형 스터디카페 7133,올데이BA2벽면,1168*1400*1200,215000
2024-12-10,천안 관리형 스터디카페 7133,"올데이BA1,2 벽면수납장",공통 / 700*270*1200,98000
2024-12-10,천안 관리형 스터디카페 7133,올데이BB 책상+수납,양면일체형/1168*700*1200,215000
2024-12-10,천안 관리형 스터디카페 7133,올데이BB 끝자리수납장,600*270*1200,98000
2024-11-21,동탄 관리형 학원 7413,올데이C 양면,2240*800600*1200,423000
2024-11-21,동탄 관리형 학원 7413,올데이C 양면수납장,800*300*1200,115000
2024-11-21,동탄 관리형 학원 7413,올데이C 단면,1270*800600*1200,277000
2024-11-21,동탄 관리형 학원 7413,올데이C 단면수납장,960*630*1200740,105000
2024-11-21,동탄 관리형 학원 7413,올데이C 양면,2240*800600*1200,423000
2024-11-21,동탄 관리형 학원 7413,올데이C 양면수납장,800*300*1200,115000
2024-11-21,동탄 관리형 학원 7413,올데이C 단면,1270*800600*1200,277000
2024-11-21,동탄 관리형 학원 7413,올데이C 단면수납장,960*630*1200740,105000
2024-11-21,동탄 관리형 학원 7413,올데이C 양면,2240*800600*1200,423000
2024-11-21,동탄 관리형 학원 7413,올데이C 양면수납장,800*300*1200,115000
2024-11-21,동탄 관리형 학원 7413,올데이C 단면,1270*800600*1200,277000
2024-11-21,동탄 관리형 학원 7413,올데이C 단면수납장,800*300*1200,105000
2024-11-18,동탄 관리형 학원 7413,올데이C 양면,2240*800600*1200,459000
2024-11-18,동탄 관리형 학원 7413,올데이C 양면수납장,800*300*1200,115000
2024-11-18,동탄 관리형 학원 7413,올데이C 단면,1270*800600*1200,295000
2024-11-18,동탄 관리형 학원 7413,올데이C 단면수납장,960*630*1200740,105000
2024-11-18,동탄 관리형 학원 7413,올데이C 양면,2240*800600*1200,459000
2024-11-18,동탄 관리형 학원 7413,올데이C 양면수납장,800*300*1200,115000
2024-11-18,동탄 관리형 학원 7413,올데이C 단면,1270*800600*1200,295000
2024-11-18,동탄 관리형 학원 7413,올데이C 단면수납장,960*630*1200740,105000
2024-11-18,둔촌동 관리형 스터디카페,올데이 E1 책상_수납장,좌형/1385*540*1420,223000
2024-11-18,둔촌동 관리형 스터디카페,올데이 E2 책상_수납장,좌형/1335*540*1420,223000
2024-11-18,둔촌동 관리형 스터디카페,올데이 E4 책상_수납장,좌형/1210*540*1420,209000
2024-11-18,둔촌동 관리형 스터디카페,올데이 E5 책상_수납장,우형/1350*540*1420,223000
2024-11-18,둔촌동 관리형 스터디카페,올데이,스탠드T형/PHX-004,69000
2024-11-15,동탄 관리형 학원 7413,올데이C 양면,2240*800600*1200,459000
2024-11-15,동탄 관리형 학원 7413,올데이C 양면수납장,800*300*1200,115000
2024-11-15,동탄 관리형 학원 7413,올데이C 단면,1270*800600*1200,295000
2024-11-15,동탄 관리형 학원 7413,올데이C 단면수납장,960*630*1200740,105000
2024-11-15,동탄 관리형 학원 7413,올데이C 양면,2240*800600*1200,459000
2024-11-15,동탄 관리형 학원 7413,올데이C 양면수납장,800*300*1200,115000
2024-11-15,동탄 관리형 학원 7413,올데이C 단면,1270*800600*1200,295000
2024-11-15,동탄 관리형 학원 7413,올데이C 단면수납장,960*630*1200740,105000
2024-11-14,동탄 관리형 학원 7413,올데이C 양면,2240*800600*1200,459000
2024-11-14,동탄 관리형 학원 7413,올데이C 양면수납장,800*300*1200,116000
2024-11-14,동탄 관리형 학원 7413,올데이C 단면,1270*800600*1200,295000
2024-11-14,동탄 관리형 학원 7413,올데이C 단면수납장,960*630*1200740,105000
2024-11-14,동탄 관리형 학원 7413,올데이C 양면,2240*800600*1200,459000
2024-11-14,동탄 관리형 학원 7413,올데이C 양면수납장,800*300*1200,116000
2024-11-14,동탄 관리형 학원 7413,올데이C 단면,1270*800600*1200,295000
2024-11-14,동탄 관리형 학원 7413,올데이C 단면수납장,960*630*1200740,105000
2024-11-14,동탄 관리형 학원 7413,올데이C 양면,2240*800600*1200,459000
2024-11-14,동탄 관리형 학원 7413,올데이C 양면수납장,800*300*1200,115000
2024-11-14,동탄 관리형 학원 7413,올데이C 단면,1270*800600*1200,295000
2024-11-14,동탄 관리형 학원 7413,올데이C 단면수납장,960*630*1200740,105000
2024-11-06,동탄 관리형 1620,올데이B단면형,1018*750*1200,217000
2024-11-06,동탄 관리형 1620,올데이B양면형,1018*750*1200,209000
2024-11-06,동탄 관리형 1620,올데이C벽면형,1018*618*1200,385000
2024-11-06,동탄 관리형 1620,올데이C,독서등/아이클351F,680000
2024-11-06,동탄 관리형 1620,올데이C,독서등/아이클351F,59000
2024-11-06,동탄 관리형 1620,올데이,2구실버 / 기구+타공,13000
2024-10-28,인천송도 / 페르마수학학원,올데이BB양면형책상,오픈형/1218*750*1200,280000
2024-10-28,인천송도 / 페르마수학학원,올데이BB끝자리수납장,오픈형/600*270*1200,98000
2024-10-28,인천송도 / 페르마수학학원,올데이BA단면형책상,오픈형/1218*750*1200,285000
2024-10-28,인천송도 / 페르마수학학원,올데이BA단면형책장,오픈형/690*270*1200,115000
2024-10-28,경북 경산시 학원 9589,올데이A벽면형,1070*1400*1340,205000
2024-10-28,경북 경산시 학원 9589,올데이A양면형,2140*1400*1340,315000
2024-10-25,인천송도 / 페르마수학학원,올데이BB양면형책상,오픈형/1218*750*1200,215000
2024-10-25,인천송도 / 페르마수학학원,올데이BB끝자리수납장,오픈형/600*270*1200,98000
2024-10-25,인천송도 / 페르마수학학원,올데이BA단면형책상,오픈형/1218*750*1200,215000
2024-10-25,인천송도 / 페르마수학학원,올데이BA단면형책장,오픈형/690*270*1200,115000
2024-10-25,인천송도 / 페르마수학학원,올데이BB양면형책상,오픈형/1218*750*1200,215000
2024-10-25,인천송도 / 페르마수학학원,올데이BB끝자리수납장,오픈형/600*270*1200,98000
2024-10-25,인천송도 / 페르마수학학원,올데이BA단면형책상,오픈형/1218*750*1200,215000
2024-10-25,인천송도 / 페르마수학학원,올데이BA단면형책장,오픈형/690*270*1200,115000
2024-10-23,인천송도/페르마수학학원,올데이BB양면형책상,오픈형/1218*750*1200,215000
2024-10-23,인천송도/페르마수학학원,올데이BB끝자리수납장,오픈형/600*270*1200,98000
2024-10-18,일산 학원 7797/2차,올데이C111인,1488*1500*1200740,389000
2024-10-18,일산 학원 7797/2차,올데이C121인,1388*1500*1200740,384000
2024-10-18,일산 학원 7797/2차,올데이C22인세트,2970*1500*1200740,560000
2024-10-18,일산 학원 7797/2차,올데이C1,독서등/아이클351F,59000
2024-10-18,일산 학원 7797/2차,올데이C2,스탠드/아이클PHX-004,69000
2024-10-18,일산 학원 7797/2차,올데이C,기본형2구실버 + 타공,13000
2024-10-15,일산 학원 7797/2차,올데이C111인,1488*1500*1200740,389000
2024-10-15,일산 학원 7797/2차,올데이C121인,1388*1500*1200740,384000
2024-10-15,일산 학원 7797/2차,올데이C22인세트,2970*1500*1200740,560000
2024-10-15,일산 학원 7797/2차,올데이C1,독서등/아이클351F,59000
2024-10-15,일산 학원 7797/2차,올데이C2,스탠드/아이클PHX-004,69000
2024-10-15,일산 학원 7797/2차,올데이C,기본형2구실버 + 타공,13000
2024-10-15,일산 학원 7797/2차,올데이C111인,1488*1500*1200740,389000
2024-10-15,일산 학원 7797/2차,올데이C121인,1388*1500*1200740,384000
2024-10-15,일산 학원 7797/2차,올데이C22인세트,2970*1500*1200740,560000
2024-10-15,일산 학원 7797/2차,올데이C1,독서등/아이클351F,59000
2024-10-15,일산 학원 7797/2차,올데이C2,스탠드/아이클PHX-004,69000
2024-10-15,일산 학원 7797/2차,올데이C,기본형2구실버 + 타공,13000
2024-10-10,일산 학원 7797/2차,올데이C11인,1388*1500*1200740,384000
2024-10-10,일산 학원 7797/2차,올데이C22인세트,2970*1500*1200740,560000
2024-10-10,일산 학원 7797/2차,올데이C1,독서등/아이클351F,59000
2024-10-10,일산 학원 7797/2차,올데이C2,스탠드/아이클PHX-004,69000
2024-10-10,일산 학원 7797/2차,올데이C,기본형2구실버 + 타공,13000
2024-10-07,일산 학원 7797/2차,올데이C11인,1388*1380600*1200740,352000
2024-10-07,일산 학원 7797/2차,올데이C11인,1388*1300600*1200740,352000
2024-10-07,일산 학원 7797/2차,올데이C,독서등/아이클351F,59000
2024-10-07,일산 학원 7797/2차,올데이C,기본형2구실버 + 타공,13000
2024-09-11,전남 광주 / 관리형 학원,올데이B12벽면배치 책상,1218*270*1200,214000
2024-09-11,전남 광주 / 관리형 학원,올데이B12,750*270*1200,98000
2024-09-11,전남 광주 / 관리형 학원,올데이B12벽면배치 책상,1218*270*1200,214000
2024-09-11,전남 광주 / 관리형 학원,올데이B12,750*270*1200,98000
2024-09-11,전남 광주 / 관리형 학원,올데이B12벽면배치 책상,1218*270*1200,214000
2024-09-11,전남 광주 / 관리형 학원,올데이B12,750*270*1200,98000
2024-09-11,전남 광주 / 관리형 학원,올데이B12벽면배치 책상,1218*586*1200,198000
2024-09-11,전남 광주 / 관리형 학원,올데이B12벽면배치 책상,1168*586*1200,198000
2024-09-11,전남 광주 / 관리형 학원,올데이B12,614*270*1200,98000
2024-09-11,전남 광주 / 관리형 학원,올데이B12벽면배치 책상,1218*586*1200,198000
2024-09-11,전남 광주 / 관리형 학원,올데이B12벽면배치 책상,1168*586*1200,198000
2024-09-11,전남 광주 / 관리형 학원,올데이B12,614*270*1200,98000
2024-09-11,전남 광주 / 관리형 학원,올데이B12벽면배치 책상,1218*586*1200,198000
2024-09-11,전남 광주 / 관리형 학원,올데이B12벽면배치 책상,1168*586*1200,198000
2024-09-11,전남 광주 / 관리형 학원,올데이B12,614*270*1200,98000
2024-09-04,인천 스터디카페 리뉴얼,올데이B1벽면형,1018*750*1200740,215000
2024-09-04,인천 스터디카페 리뉴얼,올데이B1벽면형,750*270*1200,105000
2024-09-04,인천 스터디카페 리뉴얼,올데이B2중앙형,1018*750*1200740,205000
2024-09-04,인천 스터디카페 리뉴얼,올데이B2끝자리수납장,750*270*1200,105000
2024-09-04,인천 스터디카페 리뉴얼,올데이B,2구실버 / 기구+타공,13000
2024-09-04,인천 스터디카페 리뉴얼,올데이B,백색으로 변경시,6000
2024-07-26,일산 학원 7797,올데이C2인,2636*1400600*1200740,578000
2024-07-26,일산 학원 7797,올데이C2인,2636*1450600*1200740,578000
2024-07-26,일산 학원 7797,올데이C1인,1438*1400600*1200740,352000
2024-07-26,일산 학원 7797,올데이C1인,1438*1300600*1200740,335000
2024-07-26,일산 학원 7797,올데이C,독서등/아이클351F,59000
2024-07-26,일산 학원 7797,올데이C,기본형2구실버 + 타공,13000
2024-07-23,일산 학원 7797,올데이C2인,2636*1400600*1200740,578000
2024-07-23,일산 학원 7797,올데이C2인,2636*1450600*1200740,578000
2024-07-23,일산 학원 7797,올데이1인,1438*1400600*1200740,352
2024-07-23,일산 학원 7797,올데이1인,1438*1300600*1200740,335000
2024-07-23,일산 학원 7797,올데이,독서등/아이클351F,59000
2024-07-23,일산 학원 7797,올데이C,기본형2구실버 + 타공,13000
2024-06-24,김포-관리형학원,올데이 BC22인책상,2인/W2418*D640*H1200,313000
2024-06-24,김포-관리형학원,올데이BC2인,W800*D300*H1200,132000
2024-06-24,김포-관리형학원,올데이 BC11인책상,1인/W1218*D640*H1200,183000
2024-06-24,김포-관리형학원,올데이BC1인,W800*D270*H1200,89000
2024-06-24,김포-관리형학원,올데이C11인,1인/W1168*D640*H1200,275000
2024-06-24,김포-관리형학원,올데이C11인,W800*D270*H1200,125000
2024-06-24,김포-관리형학원,올데이C22인,2인/W2318*D640*H1200,398000
2024-06-24,김포-관리형학원,올데이 C22인,W800*D300*H1200,132000
2024-06-24,김포-관리형학원,올데이ㅌ,W1218*D900×H1200,215000
2024-06-24,목동 일취월장,올데이C2인,2인/2398*640*1200,458000
2024-06-24,목동 일취월장,올데이C2인,660*300*1200,120000
2024-06-24,목동 일취월장,올데이C1인,1236-750-1200,278000
2024-06-24,목동 일취월장,올데이C끝자리수납장,600*270*1200,105000
2024-06-24,목동 일취월장,올데이C1인,1236*750*1200,278000
2024-06-24,목동 일취월장,올데이C1인,750*270*1200,120000
2024-06-24,목동 일취월장,올데이수납장 반도어추가,옵션변경다이얼키프포함,48000
2024-06-19,울산 작심/올데이BC,올데이 BC11인,1218*640*1200,255000
2024-06-19,울산 작심/올데이BC,올데이 BC11인,800*300*1200,142000
2024-06-19,울산 작심/올데이BC,올데이 BC22인,2418*640*1200,387000
2024-06-19,울산 작심/올데이BC,올데이 BC22인,800*300*1200,158000
2024-06-19,울산 작심/올데이BC,올데이 BC11인,1218*640*1200,198000
2024-06-19,울산 작심/올데이BC,올데이BC11인,800*300*1200,163000
2024-06-19,울산 작심/올데이BC,올데이 BC22인,2418*640*1200,298000
2024-06-19,울산 작심/올데이BC,올데이 BC22인,800*300*1200,179000
2024-06-19,울산 작심/올데이BC,올데이 BC11인,1218*640*1200,193000
2024-06-19,울산 작심/올데이BC,올데이 BC11인,800*300*1200,158000
2024-06-19,울산 작심/올데이BC,올데이 BC22인,2418*640*1200,288000
2024-06-19,울산 작심/올데이BC,올데이 BC22인,800*300*1200,174000
2024-06-18,김포-관리형학원/130석,올데이 B 단면형,W1218*D800*H1200,198000
2024-06-18,김포-관리형학원/130석,올데이 B 양면형,W1218*D800*H1200,198000
2024-06-18,김포-관리형학원/130석,올데이 B 단면형,W1218*D800*H1200,225000
2024-06-18,김포-관리형학원/130석,올데이 B 양면형,W1218*D800*H1200,219000
2024-06-17,대구 관리형 학원/겨울신록2,올데이B중앙형,700*1150*1200/740,230000
2024-06-17,대구 관리형 학원/겨울신록2,올데이B벽면형,800*1150*1200/740,238000
2024-06-17,대구 관리형 학원/겨울신록2,올데이ㅌ벽면형,800*1150*1200/740,210000
2024-05-17,은평구 독학재수학원,올데이B단면형,W1050*D700*H1200,235000
2024-05-17,은평구 독학재수학원,올데이B양면형,W1050*D700*H1200,235000
2024-05-12,창원메카,올데이BC12 2인책상,W2100*D600*H1200,320000
2024-05-12,창원메카,올데이BC12 양면수납장,W800*D300*H1200,136000
2024-05-12,창원메카,올데이BA12 벽면형책상,W1100*D600*H1200,215000
2024-05-12,창원메카,올데이B12 벽면수납장,W800*D250*H1200,119000
2024-03-29,송도 관리형 학원,올데이B양면형,W1218+D800*H1200,219000
2024-03-29,송도 관리형 학원,올데이B단면형,W1218*D750*H1200,225000
2024-03-29,송도 관리형 학원,올데이BT양면형,W2218+D636*1200,315000
2024-03-29,송도 관리형 학원,올데이 BT-양면 오픈장,W900*D300*H1200,175000
2024-03-25,세종시 학원,올데이B단면형,W1218*D750*H1200,217000
2024-03-25,세종시 학원,올데이B양면형,W1218*D750*H1200,209000
2024-03-25,세종시 학원,올데이ㅌ전체 전면 수납장,W1018+D850*H1400,315000
2024-03-07,부산 스터디카페,올데이B단면형,W1218*D750*H1200,217000
2024-03-07,부산 스터디카페,올데이B양면형,W1218*D750*H1200,209000
2024-03-07,부산 스터디카페,올데이C벽면형,W1018*0618+H1200,385000
2024-03-07,부산 스터디카페,올데이C날개형,W2036+D618+H1200,680000
2024-03-07,부산 스터디카페,올데이B단면형,W1218*D750*H1200,217000
2024-03-07,부산 스터디카페,올데이B양면형,W1218*D750*H1200,209000
2024-03-07,부산 스터디카페,올데이C벽면형,W1018*0618+H1200,385000
2024-03-07,부산 스터디카페,올데이C날개형,W2036+D618+H1200,680000
2024-03-07,부산 스터디카페,올데이B단면형,W1218*D750*H1200,217000
2024-03-07,부산 스터디카페,올데이B양면형,W1218*D750*H1200,209000
2024-03-07,부산 스터디카페,올데이C벽면형,W1018*0618+H1200,385000
2024-03-07,부산 스터디카페,올데이C날개형,W2036+D618+H1200,680000
2024-03-07,부산 스터디카페,올데이B단면형,W1218*D750*H1200,217000
2024-03-07,부산 스터디카페,올데이B양면형,W1218*D750*H1200,209000
2024-03-07,부산 스터디카페,올데이C벽면형,W1018+D618+H1200,385000
2024-03-07,부산 스터디카페,올데이C날개형,W2036+D618+H1200,680000
2023-12-26,일산 관리형 2943,올데이BA1인용,W1158+D640*H1200,245000
2023-12-26,일산 관리형 2943,올데이수납장,W750+D250*H1200,163000
2023-12-26,일산 관리형 2943,올데이C2 콘센트,2구타공+기구,10000
2023-12-22,일산 관리형 2943,올데이 BC2인용,W2152+D1440*H1200,459000
2023-12-22,일산 관리형 2943,올데이BC1인용,W1225+D1440*H1200,368000
2023-12-22,일산 관리형 2943,올데이C2 콘센트,2구타공+기구,10000
2023-12-22,일산 관리형 2943,올데이BA1인용,W1118*D700*H1200,219000
2023-12-22,일산 관리형 2943,올데이C2 콘센트,2구타공+기구,10000
2023-10-30,안양,올데이B,580/750장,246000
2023-10-24,안양,올데이B,580/750장,207500
2023-08-07,"분당,수지 / 관리형학원",올데이B양면형,W1218*D1400*H1200,284000
2023-08-07,"분당,수지 / 관리형학원",올데이B양면형,W1218*D1400*H1200,219000
2023-08-07,"분당,수지 / 관리형학원",올데이B양면형 책상규격,W1218+D1400*H1200\NW1200970*D600*H720,219000
2023-08-07,"분당,수지 / 관리형학원",올데이B양면형,W1218+D1400+H1200,219000
2023-08-07,"분당,수지 / 관리형학원",올데이B양면형,W1218+D1400+H1200,219000
2023-08-07,"분당,수지 / 관리형학원",올데이B벽면형 책상규격,W1218+D1400*H1200,345000
2023-08-07,"분당,수지 / 관리형학원",올데이B벽면형,W1218+D1400*H1200,345000
2023-08-07,"분당,수지 / 관리형학원",올데이B벽면형,W1218+D1400*H1200,345000
2023-07-19,일산 관리형 2943,올데이B 책상,W1118*D700*H1200,239000
2023-07-19,일산 관리형 2943,올데이B 수납장,W600*D250*H1200,120000
2023-07-19,일산 관리형 2943,올데이C2 콘센트,2구타공+기구,10000
2023-07-18,일산 관리형 2943,올데이B 책상,W1118*D700*H1200,239000
2023-07-18,일산 관리형 2943,올데이B 수납장,W600*D250*H1200,120000
2023-07-18,일산 관리형 2943,올데이C2 콘센트,2구타공+기구,10000
2023-06-13,대전 스터디카페,올데이C세트,W1218+D1436+H1200,362
2023-06-13,대전 스터디카페,올데이 콘센트,2구 기본형+타공,10000
2023-04-03,시흥 독서실 학원,올데이,W1218+D1500*H1335,238000
2023-04-03,시흥 독서실 학원,올데이A,타공 + 매입,10000
2023-03-23,부천 플랜트 스터디카페,어셈블올데이B2인양면,W2536*D1500*H1200,693000
2023-03-23,부천 플랜트 스터디카페,어셈블올데이B1인단면,W1338*D1400*H1200,495000
2023-03-22,부천 플랜트 스터디카페,어셈블올데이B2인양면,W2306*D1400*H1200,660000
2023-03-22,부천 플랜트 스터디카페,어셈블올데이B1인단면,W1288*D1400*H1200,495000
2023-03-22,부천 플랜트 스터디카페,어셈블올데이B2인양면,W2306*D1400*H1200,660000
2023-03-22,부천 플랜트 스터디카페,어셈블올데이B1인단면,W1288*D1400*H1200,495000
2023-03-22,부천 플랜트 스터디카페,어셈블올데이B2인양면,W2306*D1400*H1200,660000
2023-03-22,부천 플랜트 스터디카페,어셈블올데이B1인단면,W1288*D1400*H1200,495000
2022-12-15,분당 관리형 독서실,올데이 책상,W1068*D700*H1200,185000
2022-12-15,분당 관리형 독서실,올데이 책상,W1068*D590*H1200,170000
2022-12-15,분당 관리형 독서실,올데이 책장,W800+D250*H740,76000
2022-12-15,분당 관리형 독서실,올데이 책상,W1068*D700*H1200,185000
2022-12-15,분당 관리형 독서실,올데이 책장,W700*D250*H740,76000
2022-12-15,분당 관리형 독서실,올데이 책상,₩1068+D590*H1200,170000
2022-12-15,분당 관리형 독서실,올데이 책장,W800+D250*H740,76000